record_id,date,market,commodity,price
0,2020-01-26,Mukono,Beans ,1643
1,2021-07-12,Mukono,MAIZE,744
2,2020-14-50,Kasanga,MAIZE,4964
3,2020-10-11,Bwaise,Beans ,-2000
4,2020-10-11,Mukono,Maize,3257
5,2021-01-02,Kasanga,BEANS,855
6,2022-08-02,,MAIZE,3462
7,2020-02-16,Bwaise,Maize,1153
8,2021-04-09,Nakasero,MAIZE,3532
9,2021-12-19,,Beans ,1901
10,2021-04-18,Nakasero,Maize,2299
11,2020-02-02,Bwaise,BEANS,1042
12,2020-11-18,Bwaise,maize ,4258
13,2022-02-01,,Beans,4009
14,2020-05-21,Mukono,MAIZE,885
15,2022-03-22,Kasanga,BEANS,3652
16,2021-06-25,Mukono,Beans ,594
17,2022-02-07,Nakasero,Beans,1413
18,2020-01-04,,MAIZE,2657
19,2020-04-18,,MAIZE,4658
20,2022-02-19,Mukono,BEANS,4844
21,2020-01-20,Bwaise,Maize,3019
22,2021-08-03,Mukono,BEANS,4481
23,2020-05-11,Nakasero,BEANS,1852
24,2021-03-09,Nakasero,Beans,2147
25,2021-10-27,Mukono,MAIZE,4198
26,2020-14-50,Mukono,Maize,2304
27,2020-03-01,Mukono,BEANS,3206
28,2021-11-16,Bwaise,Beans,4372
29,2020-07-13,Kasanga,Beans,3402
30,2022-01-16,Mukono,Beans,1306
31,2022-03-30,,Beans,2058
32,2020-07-06,Kasanga,BEANS,1117
33,2021-10-29,Bwaise,MAIZE,1264
34,2021-05-07,Bwaise,Beans,980
34,2021-02-03,Nakasero,Beans,4227
36,2022-01-18,Bwaise,MAIZE,4486
37,2022-09-18,Nakasero,Maize,999
38,2021-05-03,Mukono,BEANS,1789
39,2020-07-09,Kasanga,Maize,2426
40,2021-08-06,Kasanga,Beans ,1171
41,2021-06-19,Bwaise,maize ,3073
42,2021-11-18,Mukono,Beans,1094
43,2021-07-30,,maize ,2246
44,2020-12-23,Nakasero,MAIZE,3527
45,2021-07-10,Mukono,Beans ,4833
46,2020-11-02,Nakasero,Maize,1600
47,2022-01-30,Nakasero,MAIZE,2225
48,2022-05-23,Mukono,Beans ,916
49,2020-10-10,Nakasero,MAIZE,1571
50,2021-07-18,Mukono,Beans ,1416
51,2021-07-12,Kasanga,MAIZE,1713
52,2021-01-08,Nakasero,MAIZE,826
53,2021-11-13,,Beans ,3829
54,2022-08-10,Kasanga,Maize,1950
55,2022-08-04,Nakasero,MAIZE,2532
56,2020-04-20,Kasanga,MAIZE,-2000
57,2022-07-29,Bwaise,Maize,2364
58,2021-02-12,Nakasero,Beans ,2786
59,2021-11-26,Mukono,maize ,726
60,2022-09-12,,Beans,-2000
61,2022-03-16,Mukono,Beans,4689
62,2020-07-13,,BEANS,513
63,2022-08-20,Kasanga,Maize,3483
64,2022-07-31,Nakasero,BEANS,1520
65,2021-02-22,Bwaise,Beans,1542
66,2021-01-23,Kasanga,BEANS,2965
67,2020-11-07,Kasanga,Beans,3139
68,2020-08-06,Mukono,maize ,1890
69,2021-10-10,Nakasero,MAIZE,2424
70,2020-14-50,,Maize,4392
71,2022-06-26,Kasanga,Beans,3645
72,2021-11-02,Kasanga,MAIZE,1373
73,2022-09-07,Mukono,Beans,2541
74,2021-04-20,Kasanga,BEANS,3099
75,2022-07-02,Kasanga,MAIZE,4988
76,2021-05-01,,Beans,2771
77,2020-10-08,Nakasero,maize ,2420
78,2021-07-07,Bwaise,Beans ,3637
79,2021-02-28,Mukono,MAIZE,3906
80,2021-02-02,,Beans,660
81,2022-08-23,,Beans ,3932
82,2022-03-30,Nakasero,Beans,2297
83,2021-02-02,Bwaise,Beans,3812
84,2021-09-29,Mukono,Beans ,722
85,2022-06-06,Nakasero,MAIZE,3605
86,2020-12-11,Nakasero,Maize,3953
87,2022-02-06,Bwaise,Beans ,3366
88,2022-09-07,Bwaise,Maize,2525
89,2020-09-01,Kasanga,Beans ,2285
90,2021-01-12,Bwaise,maize ,1438
91,2020-01-27,Kasanga,Beans ,3574
92,2021-08-29,Nakasero,Beans ,1334
93,2020-05-03,Nakasero,BEANS,836
94,2021-01-14,Kasanga,Beans,603
95,2022-09-10,Bwaise,Beans,4266
96,2021-06-18,Kasanga,Beans,4908
97,2022-01-18,Mukono,maize ,2511
98,2020-09-06,Nakasero,Maize,3604
99,2020-11-28,Nakasero,maize ,2616
100,2021-12-19,Bwaise,Maize,4732
101,2021-02-20,Kasanga,Beans,4400
102,2020-04-05,Nakasero,Beans ,2493
103,2021-04-29,Nakasero,Beans ,3209
104,2020-11-09,Nakasero,Maize,2077
105,2022-08-31,Kasanga,maize ,2272
106,2022-09-27,Bwaise,maize ,1323
107,2020-07-02,Nakasero,Maize,1536
108,2021-07-20,Mukono,Maize,4521
109,2021-04-25,Nakasero,Beans,920
110,2020-03-07,Bwaise,MAIZE,939
111,2022-08-29,,Beans,1470
112,2022-03-20,Kasanga,Beans,3616
113,2021-08-25,,Beans ,993
114,2022-02-20,Bwaise,MAIZE,1165
115,2020-03-17,Nakasero,Maize,4349
116,2021-12-24,Bwaise,maize ,1083
117,2021-10-02,Kasanga,Maize,2120
118,2021-10-25,Mukono,Maize,1665
119,2020-11-10,Kasanga,Maize,2864
120,2020-11-07,,Beans,4599
121,2021-09-04,,maize ,3140
122,2020-08-22,Nakasero,BEANS,669
123,2022-02-13,Nakasero,MAIZE,4122
124,2021-03-22,Kasanga,maize ,1247
125,2020-11-24,Kasanga,Beans ,3201
126,2021-11-09,Kasanga,Maize,800
127,2020-11-27,Mukono,Beans ,4715
128,2021-04-18,,Beans,3463
129,2022-02-17,Nakasero,Beans,1573
130,2021-05-11,Bwaise,maize ,2460
131,2021-07-19,Kasanga,Maize,1429
132,2020-06-06,Nakasero,Beans,4668
133,2021-04-28,Bwaise,BEANS,3642
134,2022-06-19,Nakasero,BEANS,3899
135,2020-01-03,Bwaise,Beans,4511
136,2020-12-19,Kasanga,maize ,3590
137,2021-12-15,Mukono,maize ,3865
138,2021-12-23,Kasanga,Maize,1746
139,2022-09-15,Mukono,BEANS,4106
140,2020-01-16,Mukono,Beans,1764
141,2020-09-28,Nakasero,Beans ,1157
142,2021-01-24,,Maize,4497
143,2020-08-28,Mukono,Beans,2363
144,2022-02-17,Bwaise,Beans ,4134
145,2020-01-30,Nakasero,maize ,2903
146,2020-09-07,Bwaise,MAIZE,1975
147,2022-06-10,,MAIZE,4576
148,2021-10-15,Kasanga,maize ,576
149,2020-06-10,Kasanga,Beans ,2950
150,2022-05-15,Mukono,MAIZE,4458
151,2021-01-02,Mukono,Beans ,2918
152,2020-01-09,,Beans ,901
153,2022-07-14,,maize ,2385
154,2020-07-13,Mukono,Beans ,1620
155,2020-11-12,Nakasero,Beans ,-2000
156,2022-07-20,Bwaise,MAIZE,1938
157,2022-06-16,Bwaise,maize ,2732
158,2022-08-24,Mukono,Beans,3274
159,2020-05-24,,maize ,3755
160,2020-14-50,Nakasero,Beans ,4225
161,2020-09-25,Mukono,Beans ,3543
162,2020-01-26,,MAIZE,3187
163,2021-10-12,Kasanga,Maize,2975
164,2022-08-26,Mukono,MAIZE,1451
165,2020-05-18,Kasanga,BEANS,4925
166,2020-06-07,,Beans,4508
167,2020-10-13,Kasanga,MAIZE,4132
168,2020-04-11,Mukono,Beans,3438
169,2022-09-18,Mukono,Beans ,4225
170,2021-10-16,Nakasero,MAIZE,-2000
171,2022-03-16,,MAIZE,2197
172,2020-08-26,Nakasero,MAIZE,523
173,2021-07-07,Bwaise,Maize,711
174,2022-03-18,Nakasero,Maize,1927
175,2021-03-07,Kasanga,maize ,4401
176,2020-04-21,,maize ,855
177,2022-09-14,Kasanga,Beans ,3790
178,2021-12-30,Nakasero,BEANS,1161
179,2020-05-09,Nakasero,Beans,4992
180,2021-06-27,Mukono,Beans ,4024
181,2021-11-01,Kasanga,Beans,2261
182,2021-02-27,Mukono,maize ,3907
183,2021-11-12,Mukono,Maize,4385
184,2020-04-05,Bwaise,BEANS,3552
185,2022-09-06,Kasanga,maize ,1501
186,2022-08-21,Nakasero,BEANS,921
187,2020-04-16,Bwaise,Maize,4450
188,2021-07-23,Kasanga,BEANS,2352
189,2022-04-18,,Beans ,715
190,2020-14-50,Nakasero,maize ,3031
190,2022-06-09,Bwaise,Beans ,1070
192,2020-02-01,Kasanga,Beans,3581
193,2021-01-13,Mukono,MAIZE,1195
194,2021-09-24,Kasanga,Beans,4129
195,2021-02-28,Nakasero,Beans,1432
196,2021-11-25,Mukono,MAIZE,3026
197,2021-09-05,Bwaise,maize ,2230
198,2020-14-50,Bwaise,Beans,1939
199,2020-08-23,Mukono,Beans,3401
200,2020-02-13,Nakasero,BEANS,1137
201,2021-02-18,Kasanga,Maize,1443
202,2020-06-24,Mukono,Beans,3464
203,2020-09-06,Kasanga,maize ,1144
204,2020-08-14,Mukono,BEANS,4681
205,2022-07-16,Bwaise,Maize,1709
206,2020-07-21,Bwaise,Beans ,1117
207,2022-02-11,Nakasero,MAIZE,3147
208,2021-04-25,,Maize,2750
209,2020-03-16,Nakasero,maize ,966
210,2022-06-03,Kasanga,Beans,4653
211,2022-09-04,,Beans ,4184
212,2021-09-11,Kasanga,Maize,1006
213,2022-05-07,Bwaise,Maize,4633
214,2021-03-24,Nakasero,maize ,1800
215,2021-01-31,Nakasero,Maize,928
216,2021-07-25,Nakasero,Maize,1731
217,2020-05-24,Bwaise,BEANS,3710
218,2020-03-27,Bwaise,Beans ,3190
219,2022-08-27,Mukono,Beans ,4812
220,2021-06-04,Bwaise,maize ,1976
221,2021-05-12,Mukono,maize ,1769
222,2020-04-13,Mukono,Beans ,4813
223,2022-02-23,Bwaise,MAIZE,1763
224,2022-02-28,Mukono,Beans,4085
225,2022-01-06,Kasanga,MAIZE,2834
226,2020-11-12,Nakasero,Beans ,2089
227,2021-03-27,,BEANS,3628
228,2020-06-14,Nakasero,Maize,1633
229,2022-06-14,Mukono,maize ,4726
230,2020-06-13,Kasanga,Maize,1707
231,2020-08-15,Kasanga,Maize,718
232,2021-01-17,Bwaise,Maize,3571
233,2020-04-11,Bwaise,Maize,1696
234,2022-04-29,Kasanga,BEANS,4342
234,2020-14-50,,Beans ,1724
236,2021-03-09,Mukono,Maize,2967
237,2021-10-16,Kasanga,BEANS,1408
238,2021-10-09,Nakasero,Beans,1676
238,2020-12-27,,maize ,1201
240,2021-06-22,,Maize,4658
241,2021-04-26,Nakasero,Beans ,3558
241,2022-03-18,,Beans ,1349
243,2020-05-16,Kasanga,Beans ,1934
244,2020-07-05,Mukono,maize ,4249
245,2022-03-21,Nakasero,BEANS,-2000
246,2022-04-14,Nakasero,maize ,2065
247,2020-02-18,Nakasero,Beans,1519
248,2022-01-31,Bwaise,Beans,3277
249,2021-01-11,Kasanga,Maize,1176
250,2022-04-22,Mukono,maize ,1340
251,2020-11-09,Kasanga,maize ,1865
252,2022-01-14,Nakasero,Beans ,4063
253,2022-08-28,Nakasero,BEANS,3827
254,2021-11-26,,Beans ,-2000
255,2020-02-05,Nakasero,Beans,3500
256,2020-02-03,Nakasero,Beans,3538
257,2021-08-10,Nakasero,MAIZE,3075
258,2020-01-27,,Maize,3670
259,2020-09-23,Kasanga,MAIZE,2839
260,2022-05-23,Mukono,Beans ,4146
261,2020-11-23,Nakasero,maize ,4941
262,2021-12-29,Nakasero,BEANS,1926
263,2020-07-24,Mukono,maize ,4547
264,2021-01-12,,Maize,1563
265,2021-02-11,Kasanga,Beans,4806
266,2020-03-16,Kasanga,Beans,1107
267,2020-12-18,Bwaise,Beans,1990
268,2022-06-08,Nakasero,MAIZE,1753
269,2022-08-15,Nakasero,Maize,4750
270,2021-10-12,,BEANS,2980
271,2021-10-18,Bwaise,Beans ,1763
272,2022-07-12,Mukono,Maize,837
273,2021-10-18,,Beans,2226
274,2020-02-01,Nakasero,Beans,2872
275,2022-04-06,Mukono,MAIZE,1097
276,2021-05-10,Nakasero,Beans ,1676
277,2022-05-31,,BEANS,3535
278,2020-09-04,Bwaise,Maize,2530
279,2022-08-26,Bwaise,maize ,2533
280,2022-01-08,,Beans,4581
281,2020-11-11,,Beans,3721
282,2020-08-08,Nakasero,Beans,-2000
283,2022-05-13,Mukono,Maize,4896
284,2022-06-22,Nakasero,Maize,3803
285,2021-08-06,Mukono,Beans,2864
286,2022-02-21,Bwaise,Maize,1473
287,2022-03-24,Bwaise,MAIZE,3495
288,2021-02-15,Bwaise,Beans ,-2000
289,2021-04-30,Bwaise,maize ,4723
290,2020-11-22,,maize ,2951
291,2021-06-05,Kasanga,Maize,2955
292,2021-11-20,Mukono,BEANS,3020
293,2022-09-17,Mukono,BEANS,2364
294,2021-06-20,Bwaise,Beans ,3614
295,2021-08-09,Kasanga,maize ,655
296,2021-02-26,Mukono,Beans ,4363
297,2020-07-31,,Beans,4418
298,2020-06-26,Nakasero,Beans ,4975
299,2022-01-08,,Beans,2665
300,2020-09-09,Nakasero,Beans ,2938
301,2021-12-22,Nakasero,Maize,2740
302,2021-07-10,Bwaise,maize ,3327
303,2022-09-05,Nakasero,Beans ,4123
304,2020-07-25,Bwaise,Maize,2725
305,2021-08-23,Bwaise,Beans ,4850
306,2020-04-12,Bwaise,Maize,1323
307,2022-08-09,Kasanga,Beans ,4396
308,2022-09-14,Mukono,Beans ,984
309,2021-07-01,Bwaise,Beans,805
310,2020-06-29,Kasanga,Beans,-2000
311,2022-02-05,Mukono,maize ,806
312,2020-04-19,,BEANS,4222
313,2022-08-19,Bwaise,Maize,2735
314,2022-01-18,Mukono,Beans ,2025
315,2020-10-29,,Beans ,1937
316,2022-04-26,Mukono,MAIZE,3783
317,2021-05-03,Kasanga,MAIZE,2636
318,2020-09-30,Nakasero,Beans ,593
319,2020-08-29,Bwaise,Beans,3013
320,2022-08-03,Mukono,Beans ,3047
321,2020-10-29,Kasanga,MAIZE,1594
322,2021-09-12,,Beans ,4357
323,2022-02-19,,Beans,1170
324,2021-01-05,,BEANS,1005
325,2021-07-03,Kasanga,Maize,4762
326,2022-01-04,Kasanga,Maize,4680
327,2021-06-09,Nakasero,Beans ,4287
328,2020-09-17,Mukono,Beans,1098
329,2020-03-06,Kasanga,Maize,1065
330,2020-07-03,Nakasero,Beans,3943
331,2022-07-28,Bwaise,Beans ,4917
332,2020-05-01,Bwaise,Beans ,4832
333,2020-14-50,Nakasero,Beans,-2000
334,2021-07-11,Bwaise,Beans,2381
335,2020-10-09,Mukono,Beans ,1424
336,2022-02-23,Bwaise,Maize,2471
337,2020-02-04,Bwaise,Beans ,898
338,2021-03-25,Bwaise,BEANS,962
339,2020-08-27,,BEANS,3112
340,2022-04-18,,MAIZE,1673
341,2020-10-08,Kasanga,BEANS,1934
342,2022-09-22,,maize ,3622
343,2021-02-22,Kasanga,MAIZE,4906
344,2020-11-03,Mukono,BEANS,4293
345,2021-03-02,Nakasero,MAIZE,2489
346,2020-03-21,,Beans ,1257
347,2020-02-22,Mukono,MAIZE,823
348,2021-08-24,Bwaise,maize ,4427
349,2020-14-50,Kasanga,MAIZE,1461
350,2021-12-21,Nakasero,Beans,3134
351,2021-10-26,Kasanga,Beans,4700
352,2022-01-09,Nakasero,maize ,2164
353,2021-07-30,Nakasero,BEANS,632
354,2021-08-16,Nakasero,MAIZE,2107
355,2022-05-03,Nakasero,Beans,3265
356,2021-10-19,Bwaise,MAIZE,3385
357,2021-05-15,,Maize,981
358,2020-03-17,Kasanga,MAIZE,552
359,2020-08-24,,Beans,2291
360,2021-09-24,Kasanga,Maize,4458
360,2021-07-18,Nakasero,BEANS,-2000
362,2020-01-18,Bwaise,Maize,4027
363,2021-06-20,Nakasero,maize ,4812
364,2021-02-10,,MAIZE,4260
365,2020-08-19,Mukono,Maize,1160
366,2021-01-21,Bwaise,Maize,577
367,2021-03-20,,Maize,1281
368,2022-07-11,Nakasero,Maize,4395
369,2021-12-01,Bwaise,maize ,769
369,2020-07-31,Mukono,maize ,3762
371,2020-09-03,Nakasero,Beans,4928
372,2020-05-23,,Beans ,1142
373,2020-02-24,Nakasero,BEANS,1122
374,2022-09-04,Mukono,Beans ,3173
375,2021-04-06,Kasanga,MAIZE,3575
376,2021-11-07,Bwaise,Beans ,2919
377,2020-10-01,Kasanga,maize ,1763
378,2020-14-50,Nakasero,Maize,3448
379,2020-07-10,Kasanga,Maize,4697
380,2020-12-28,Kasanga,Maize,3157
381,2021-02-01,,BEANS,2488
382,2021-01-24,Kasanga,MAIZE,2698
383,2021-03-21,Nakasero,maize ,1130
384,2022-01-08,Kasanga,Maize,2101
385,2020-01-07,Nakasero,Beans,3612
386,2022-04-15,Nakasero,maize ,1615
387,2021-12-12,Nakasero,maize ,3762
388,2021-10-10,Nakasero,Beans,2485
389,2022-03-15,,BEANS,2136
390,2022-02-25,Bwaise,Beans,4281
391,2022-05-01,Kasanga,MAIZE,3851
392,2020-09-04,Kasanga,Maize,3966
393,2021-09-04,Kasanga,BEANS,4650
394,2022-09-18,,Beans ,4898
395,2020-04-21,Bwaise,Beans ,3408
396,2021-07-30,Nakasero,Beans,3773
397,2020-04-10,,BEANS,4749
398,2020-08-14,Bwaise,maize ,4599
399,2021-05-09,Mukono,Beans ,1203
400,2020-11-15,Kasanga,maize ,4768
401,2021-03-24,Nakasero,Maize,1050
402,2020-14-50,Bwaise,Beans ,1395
403,2020-06-27,Kasanga,MAIZE,3992
404,2021-10-06,Kasanga,Maize,4040
405,2022-06-23,Mukono,Beans ,3685
406,2020-10-12,,Maize,1012
407,2021-07-03,Mukono,maize ,4248
408,2021-05-16,,Beans,3683
409,2020-12-22,Nakasero,BEANS,1913
410,2021-11-19,Mukono,MAIZE,3001
411,2020-05-24,,Beans,1629
412,2021-05-13,,MAIZE,1919
413,2020-05-23,Nakasero,Maize,939
414,2020-07-18,Kasanga,Beans,4640
415,2021-03-01,Mukono,BEANS,1870
416,2022-02-18,Bwaise,BEANS,-2000
417,2022-03-10,,BEANS,4557
418,2020-04-26,,Maize,3505
419,2021-03-27,Bwaise,maize ,1338
420,2020-02-03,Kasanga,Maize,1212
421,2020-08-30,,Beans ,3372
422,2021-09-22,Mukono,BEANS,2195
423,2020-10-14,Nakasero,BEANS,2897
424,2022-05-28,Bwaise,Beans,1280
425,2020-10-10,Bwaise,MAIZE,1587
426,2022-04-28,Kasanga,MAIZE,3717
427,2020-10-02,Mukono,Beans,1118
428,2020-10-11,Kasanga,maize ,4224
429,2022-06-08,Nakasero,Maize,4255
430,2021-02-11,Kasanga,maize ,2235
431,2020-10-17,Nakasero,Beans ,4475
432,2020-02-17,Mukono,Maize,4264
433,2020-06-10,Kasanga,MAIZE,-2000
434,2022-07-20,Nakasero,Maize,1802
435,2020-09-13,Mukono,Beans,1855
436,2022-01-13,Mukono,Maize,1247
437,2020-03-20,Mukono,Maize,4145
438,2022-04-16,Kasanga,Maize,1582
439,2020-04-01,Nakasero,maize ,3066
440,2022-03-03,Mukono,BEANS,1670
441,2021-09-16,Bwaise,Beans,2245
442,2021-03-29,Bwaise,Maize,1323
443,2021-01-28,Bwaise,maize ,1645
444,2020-09-11,Mukono,Beans ,2834
445,2020-07-29,Nakasero,Beans ,3709
446,2022-07-08,Mukono,MAIZE,3661
447,2021-08-31,Nakasero,maize ,598
448,2022-05-31,Bwaise,Beans,4975
449,2022-02-27,Nakasero,MAIZE,612
450,2020-03-02,,Beans,2846
451,2021-02-15,Nakasero,Maize,1750
452,2021-06-07,,maize ,1772
453,2021-10-11,Nakasero,Beans ,1041
454,2022-09-03,Kasanga,Maize,1206
455,2021-09-15,Mukono,Maize,1938
456,2020-14-50,,BEANS,3340
457,2022-01-08,Mukono,Maize,2701
458,2021-03-15,Kasanga,Beans,1131
459,2020-02-26,Bwaise,maize ,3512
460,2022-07-04,,Maize,2371
461,2020-14-50,Nakasero,Beans,-2000
462,2020-07-02,Bwaise,maize ,3935
463,2022-07-26,,maize ,1138
464,2021-11-20,Mukono,Beans,4725
465,2021-04-21,Nakasero,Maize,3045
466,2020-01-09,,MAIZE,2989
467,2021-08-28,,MAIZE,2100
468,2022-08-12,Mukono,maize ,3337
468,2021-11-04,Mukono,MAIZE,3019
470,2020-08-31,Nakasero,Maize,1666
471,2020-08-25,Kasanga,Beans ,3551
472,2020-04-07,Mukono,BEANS,3730
473,2021-03-21,Nakasero,maize ,2889
474,2021-02-06,Kasanga,maize ,3105
475,2022-08-24,Bwaise,Maize,1392
476,2021-04-22,Bwaise,Beans,3435
477,2020-09-28,,Maize,2992
478,2022-05-27,Nakasero,Beans,2533
479,2021-11-24,Mukono,Beans,1924
480,2021-07-23,Mukono,MAIZE,4285
481,2020-03-04,Bwaise,Beans,1570
482,2021-10-07,Mukono,Maize,2620
483,2020-07-21,Mukono,maize ,1555
484,2022-08-22,Kasanga,Beans,4048
485,2021-11-30,Nakasero,maize ,2033
486,2020-06-01,Nakasero,Beans,2513
487,2021-07-17,Bwaise,Beans,3637
488,2022-06-24,Mukono,Beans,4953
489,2021-01-02,,BEANS,3318
490,2020-10-03,Mukono,maize ,2294
491,2021-04-28,Bwaise,Maize,2406
492,2020-09-03,Bwaise,BEANS,958
493,2022-03-27,Bwaise,MAIZE,1923
494,2022-04-05,Nakasero,BEANS,731
495,2021-07-30,,maize ,4532
496,2020-02-08,Mukono,BEANS,2292
497,2020-12-05,Nakasero,Beans ,1568
498,2022-04-01,Bwaise,BEANS,679
499,2020-05-25,Mukono,maize ,3489
500,2021-11-09,Nakasero,MAIZE,2972
501,2022-01-19,Nakasero,MAIZE,4491
502,2021-07-29,Bwaise,Beans ,3423
503,2020-06-28,Bwaise,MAIZE,2912
504,2022-08-29,Bwaise,BEANS,765
505,2022-04-08,Kasanga,MAIZE,1352
506,2020-03-20,Mukono,Beans ,1875
507,2022-01-16,Bwaise,MAIZE,2672
508,2020-12-24,Mukono,Beans,510
509,2021-03-05,Kasanga,maize ,4539
510,2020-04-13,Bwaise,Beans,2347
511,2022-05-16,Nakasero,Maize,-2000
512,2020-06-23,,Maize,1114
513,2021-09-20,Bwaise,BEANS,4033
514,2020-06-09,Kasanga,Beans ,2056
515,2022-08-05,Nakasero,MAIZE,2806
516,2021-02-06,Mukono,maize ,1758
516,2020-03-30,Bwaise,Maize,4434
518,2020-06-23,Mukono,maize ,4379
519,2021-04-27,,Beans,1246
520,2022-06-25,Nakasero,Beans,865
521,2020-08-19,Mukono,Maize,1738
522,2022-04-07,,Maize,2363
523,2022-04-18,,MAIZE,4389
524,2020-03-21,,BEANS,784
525,2022-03-30,Mukono,Beans,1707
526,2020-06-20,Mukono,Beans,1533
527,2021-11-30,,maize ,1711
528,2022-01-14,,Beans,3679
529,2022-05-27,,BEANS,601
530,2021-03-05,Mukono,BEANS,1320
531,2022-03-15,Kasanga,maize ,3316
532,2021-05-12,Nakasero,Beans,1910
533,2021-09-15,Nakasero,Beans ,3742
534,2022-02-02,Mukono,maize ,3551
535,2020-11-06,Bwaise,MAIZE,1304
536,2022-01-31,Kasanga,BEANS,2707
537,2020-07-11,Kasanga,BEANS,3835
538,2022-04-20,Nakasero,Beans ,1037
539,2020-05-18,Bwaise,MAIZE,737
540,2020-07-24,Mukono,maize ,4239
541,2020-10-07,Mukono,Beans ,3751
542,2021-01-16,,BEANS,4387
543,2020-06-16,Nakasero,Maize,1240
544,2020-06-15,Bwaise,Beans ,2255
545,2020-07-30,Mukono,Beans,664
546,2021-10-24,Nakasero,BEANS,2333
547,2020-11-08,Kasanga,Beans,2755
548,2021-04-15,,Beans,4765
549,2020-01-08,,Beans ,3565
550,2020-10-16,Nakasero,maize ,1022
551,2022-06-01,Bwaise,MAIZE,2947
552,2020-09-03,Nakasero,Beans ,3810
553,2020-01-27,Kasanga,Beans,2625
554,2020-02-06,Nakasero,Beans ,2055
555,2021-12-03,,maize ,3436
556,2022-05-10,Mukono,Beans,2906
557,2020-09-21,Nakasero,Beans ,1999
558,2020-12-29,Nakasero,maize ,3944
559,2020-10-28,,BEANS,939
560,2020-03-13,Kasanga,BEANS,1481
561,2020-02-25,Nakasero,Beans,2140
562,2022-07-03,Bwaise,Maize,3091
563,2021-10-08,Mukono,Beans,975
564,2022-02-18,Kasanga,Maize,1797
565,2021-03-20,Kasanga,Maize,4410
566,2020-07-23,,MAIZE,3139
566,2020-01-05,Nakasero,MAIZE,3320
568,2021-05-30,Nakasero,maize ,874
569,2021-06-16,Nakasero,Beans,1596
570,2020-07-11,Mukono,MAIZE,3804
571,2020-05-14,,MAIZE,-2000
572,2021-12-29,Nakasero,BEANS,-2000
573,2021-08-31,Mukono,Beans ,661
574,2021-03-30,Bwaise,MAIZE,4386
575,2020-14-50,,maize ,1327
576,2021-12-18,,Beans ,1359
577,2020-10-16,,MAIZE,2127
578,2022-05-01,Nakasero,MAIZE,3856
579,2021-05-23,Nakasero,MAIZE,4437
579,2021-11-18,Bwaise,Maize,4547
581,2020-03-17,Bwaise,Beans,2596
582,2020-10-30,Mukono,maize ,1931
583,2021-11-24,Mukono,Maize,1278
584,2021-11-10,,maize ,4085
585,2020-04-05,Kasanga,Beans,1432
586,2020-10-05,Kasanga,Beans ,4417
587,2020-06-19,Bwaise,Maize,980
588,2021-08-27,Bwaise,BEANS,4089
589,2021-01-02,Kasanga,Beans,1570
590,2021-02-25,Mukono,Beans ,3074
591,2021-06-21,Nakasero,BEANS,2334
592,2021-12-18,Kasanga,maize ,2536
593,2021-10-18,Mukono,Beans ,947
594,2021-06-01,Mukono,Beans,1854
595,2020-12-04,,Beans ,2324
596,2022-04-16,Mukono,Beans,4170
597,2020-05-01,Mukono,Beans,645
598,2021-07-24,,BEANS,2995
599,2021-11-18,Bwaise,Beans,944
600,2022-02-24,Kasanga,Maize,3476
601,2021-11-05,,BEANS,2891
602,2020-04-18,Kasanga,Maize,1650
603,2020-07-19,Bwaise,Beans,3718
604,2020-07-14,Mukono,Beans ,3895
605,2021-08-25,,BEANS,4246
606,2020-14-50,,Beans,4045
607,2022-03-10,Bwaise,Maize,1922
608,2021-09-06,Kasanga,BEANS,3651
609,2022-02-19,Nakasero,Beans,3308
610,2020-05-21,Nakasero,Beans ,4696
611,2020-11-17,Bwaise,MAIZE,2280
612,2020-10-24,Bwaise,BEANS,1586
613,2021-10-14,,Beans,3385
614,2022-08-23,Nakasero,Beans,4873
615,2021-06-19,Mukono,MAIZE,934
616,2022-03-15,Bwaise,Maize,2552
617,2020-10-29,Kasanga,Maize,3438
618,2021-11-22,Bwaise,BEANS,3685
619,2022-03-28,Kasanga,Beans,884
620,2022-03-18,Mukono,Beans ,940
621,2021-09-27,Bwaise,Beans ,4129
622,2021-10-25,Bwaise,maize ,2109
623,2021-11-30,Mukono,Beans,4709
624,2020-10-12,Mukono,maize ,2589
625,2022-08-17,,Maize,3142
626,2021-10-02,,BEANS,4518
627,2022-03-13,,Maize,2006
628,2020-06-12,Nakasero,MAIZE,1253
629,2021-11-10,,BEANS,2289
630,2021-07-28,Mukono,Beans ,572
631,2020-09-03,Mukono,Beans ,2497
632,2021-01-25,Nakasero,BEANS,3661
633,2020-01-26,,BEANS,3571
634,2020-02-14,,Maize,3124
635,2020-06-20,Mukono,Beans ,4868
636,2021-11-17,Mukono,MAIZE,3975
637,2021-12-20,Mukono,Beans ,4065
638,2020-01-25,Mukono,Maize,1216
639,2020-09-14,Nakasero,Beans,2364
640,2021-10-07,Mukono,BEANS,3690
640,2022-01-07,Mukono,maize ,872
642,2020-04-18,Nakasero,Beans,1208
643,2022-04-21,Bwaise,MAIZE,4870
644,2022-03-26,Nakasero,Beans ,1680
645,2022-09-15,Mukono,BEANS,3556
646,2020-05-24,,Beans,-2000
647,2022-08-27,Bwaise,Beans,3316
648,2022-05-21,,maize ,2308
649,2020-07-04,,Beans,945
650,2020-03-15,Bwaise,Beans ,1304
651,2022-09-01,Mukono,maize ,2421
652,2022-07-10,,Beans ,3189
653,2021-08-21,Kasanga,MAIZE,3091
653,2020-09-09,Nakasero,maize ,4072
655,2022-01-20,Nakasero,maize ,4148
656,2020-04-21,Bwaise,BEANS,2798
657,2022-01-21,Mukono,BEANS,1117
658,2022-04-12,Mukono,BEANS,2242
659,2022-07-04,Nakasero,Beans,1717
660,2022-03-01,Kasanga,BEANS,1596
661,2021-02-10,Bwaise,BEANS,-2000
662,2022-02-14,,BEANS,1967
663,2022-09-17,Mukono,MAIZE,3439
664,2020-08-25,Bwaise,BEANS,850
665,2021-01-04,Mukono,Beans ,880
666,2021-12-21,Nakasero,BEANS,2740
667,2020-06-27,,maize ,1137
668,2022-07-18,Kasanga,Beans,3326
669,2020-01-07,Bwaise,Maize,1856
670,2020-10-14,,Beans ,3467
671,2021-11-07,Kasanga,Beans ,1428
672,2020-08-03,Mukono,MAIZE,3866
673,2021-08-10,Mukono,BEANS,4699
674,2020-06-19,,BEANS,3821
675,2022-06-18,Mukono,MAIZE,2822
676,2021-04-27,,MAIZE,3865
677,2022-04-20,Nakasero,MAIZE,4684
678,2020-12-16,Bwaise,Beans,1063
679,2020-14-50,Kasanga,MAIZE,4631
680,2020-06-30,,BEANS,819
681,2020-04-05,Mukono,Beans ,4917
682,2021-06-18,Kasanga,MAIZE,4840
683,2021-05-08,Kasanga,MAIZE,1300
684,2022-02-23,,BEANS,2820
685,2020-14-50,,BEANS,558
686,2020-01-08,Kasanga,maize ,3087
687,2021-03-12,Kasanga,BEANS,4891
688,2020-10-09,Kasanga,BEANS,2168
689,2021-05-09,Nakasero,maize ,4462
690,2022-03-03,Bwaise,Beans,1475
691,2022-08-30,Nakasero,BEANS,3781
692,2021-12-01,Mukono,MAIZE,543
693,2021-09-06,Nakasero,Maize,2316
694,2022-01-11,Nakasero,Beans ,4768
695,2020-02-28,Kasanga,Maize,4549
696,2021-11-03,Mukono,BEANS,2095
697,2021-12-16,Nakasero,MAIZE,795
698,2022-09-26,Nakasero,Beans ,3772
699,2021-08-23,Mukono,Maize,-2000
700,2022-01-13,Nakasero,maize ,3351
701,2022-09-13,Nakasero,MAIZE,538
702,2020-04-19,Mukono,BEANS,3285
703,2022-06-16,Kasanga,Beans,2549
704,2022-02-27,Kasanga,BEANS,4258
705,2021-05-08,Bwaise,maize ,2305
706,2020-12-27,Nakasero,MAIZE,-2000
707,2021-02-12,,MAIZE,1122
708,2020-12-28,Bwaise,Beans,1997
709,2020-08-28,Bwaise,MAIZE,2193
710,2022-05-06,Mukono,Maize,1373
711,2021-11-10,,Maize,-2000
712,2021-01-15,Kasanga,MAIZE,2750
713,2022-07-26,Mukono,BEANS,1550
714,2021-05-04,Nakasero,Beans,-2000
715,2022-03-05,Kasanga,maize ,4745
716,2020-01-13,Nakasero,maize ,1325
717,2020-09-22,Kasanga,BEANS,2706
718,2020-07-07,Nakasero,Beans,3549
719,2020-07-03,Mukono,Beans ,2372
720,2020-08-29,Bwaise,Beans ,2106
721,2020-14-50,,BEANS,1601
722,2022-03-15,Kasanga,Maize,890
723,2020-03-02,Kasanga,Beans ,1288
724,2021-01-04,Nakasero,Maize,2611
725,2020-12-25,,BEANS,2129
726,2021-07-05,Nakasero,Beans ,3409
727,2022-03-04,,maize ,3621
728,2022-09-06,Kasanga,Beans ,3263
729,2021-02-18,Nakasero,MAIZE,1827
730,2021-10-30,Nakasero,Beans,3739
731,2022-08-19,Kasanga,MAIZE,4188
732,2020-01-24,Mukono,MAIZE,2561
733,2020-04-15,,Maize,4376
734,2021-02-10,Nakasero,BEANS,1351
735,2021-11-01,Bwaise,Beans ,2378
736,2021-10-03,Mukono,Maize,1897
737,2022-05-31,,maize ,4327
738,2020-05-18,,BEANS,1950
739,2022-02-05,,maize ,4788
740,2021-05-08,Nakasero,maize ,4119
741,2020-06-08,Bwaise,maize ,-2000
742,2020-14-50,Nakasero,Maize,4408
743,2022-03-28,,maize ,559
744,2022-06-22,Kasanga,Beans,1837
745,2020-03-22,Nakasero,Beans ,2727
746,2022-04-08,Bwaise,MAIZE,1060
747,2021-10-14,Bwaise,maize ,4530
747,2020-02-20,Mukono,maize ,-2000
749,2022-01-02,Mukono,MAIZE,-2000
749,2020-08-10,Nakasero,Beans,4582
751,2020-02-02,Mukono,maize ,1696
752,2020-03-14,Kasanga,Maize,2548
753,2022-02-25,Bwaise,Beans ,4128
754,2020-07-22,Bwaise,Beans,4769
755,2022-09-11,,BEANS,845
756,2021-05-07,Bwaise,Maize,926
757,2021-03-20,,Maize,2761
758,2020-14-50,Kasanga,Beans ,-2000
759,2021-01-15,Mukono,Beans ,4595
760,2022-08-11,Mukono,maize ,991
761,2021-12-19,Bwaise,maize ,4496
762,2022-03-18,Bwaise,Maize,4093
763,2021-01-01,Kasanga,Beans ,823
764,2020-10-28,,maize ,2028
765,2021-04-24,Mukono,BEANS,1813
766,2020-10-29,Mukono,Beans ,4219
767,2022-01-21,Nakasero,BEANS,-2000
768,2022-01-08,Bwaise,BEANS,3674
769,2022-02-23,Kasanga,Beans ,3142
770,2020-04-08,Bwaise,Maize,1563
771,2021-05-12,Kasanga,Beans ,-2000
772,2021-09-30,Bwaise,BEANS,3501
773,2020-01-14,Mukono,Beans,4525
774,2020-03-03,Nakasero,Beans ,3907
775,2021-09-23,Mukono,maize ,-2000
776,2020-08-09,,Beans,2392
777,2021-06-22,,Beans ,1965
778,2022-02-03,Kasanga,Beans ,3432
779,2022-06-23,,maize ,3789
780,2021-06-30,Nakasero,BEANS,3386
781,2020-11-28,Nakasero,BEANS,4027
782,2021-07-12,Nakasero,Beans,2581
783,2020-14-50,Nakasero,BEANS,-2000
783,2020-05-18,Bwaise,MAIZE,2960
785,2020-01-23,,BEANS,2760
786,2022-08-06,Nakasero,MAIZE,4271
787,2021-01-10,Nakasero,Maize,2599
788,2021-08-05,Kasanga,MAIZE,3159
789,2022-07-09,,Beans ,1281
790,2022-01-18,Nakasero,maize ,958
791,2021-03-20,,Maize,2357
792,2021-10-09,Nakasero,BEANS,837
793,2020-11-30,Kasanga,Beans,913
794,2021-08-12,Kasanga,MAIZE,2873
795,2020-03-25,Kasanga,maize ,4990
796,2021-05-28,Kasanga,BEANS,1604
797,2021-02-08,Bwaise,MAIZE,4794
798,2022-03-06,Mukono,Beans ,1233
799,2021-01-09,Nakasero,MAIZE,698
800,2021-09-23,Kasanga,Maize,1694
801,2020-08-27,Mukono,Beans ,1202
802,2022-08-29,Mukono,maize ,2856
803,2020-04-23,Bwaise,Beans ,3218
804,2020-07-27,Kasanga,BEANS,4995
805,2020-05-24,,Beans ,3585
806,2020-09-18,Mukono,Beans,2722
807,2020-01-09,Mukono,Maize,3450
808,2022-06-23,,Beans ,3618
809,2020-11-19,Bwaise,MAIZE,1221
810,2021-04-13,Bwaise,BEANS,825
811,2021-05-16,Nakasero,maize ,3340
812,2020-08-29,Mukono,Beans ,2759
813,2021-01-31,,maize ,741
814,2020-12-15,Kasanga,BEANS,1219
815,2021-09-19,Bwaise,BEANS,3918
816,2022-09-20,,MAIZE,4179
817,2020-05-21,Bwaise,maize ,2157
818,2022-07-09,,MAIZE,1689
819,2021-07-24,Nakasero,MAIZE,2008
820,2022-02-22,Nakasero,Beans,3868
821,2022-04-21,Bwaise,MAIZE,2742
822,2020-14-50,,BEANS,2686
823,2021-09-02,Mukono,Beans ,3443
824,2020-05-17,Bwaise,Beans,3563
825,2020-05-20,Mukono,maize ,3847
826,2020-08-15,Mukono,MAIZE,2175
827,2021-03-25,Kasanga,MAIZE,3161
828,2022-03-05,Nakasero,Beans,3616
829,2022-01-30,,Maize,815
830,2022-04-26,,BEANS,2512
831,2022-01-22,Bwaise,maize ,903
832,2022-06-24,Bwaise,Beans,4279
833,2022-07-30,Kasanga,Beans ,1665
834,2022-01-09,Bwaise,Beans,4976
835,2020-14-50,Kasanga,Maize,2154
836,2021-12-09,Mukono,Maize,1843
837,2021-04-05,,BEANS,3646
838,2021-01-22,Bwaise,maize ,-2000
839,2021-11-06,Bwaise,Beans ,1684
840,2020-11-11,Nakasero,Beans ,4155
841,2022-07-09,Mukono,Beans,2573
842,2021-05-25,Kasanga,MAIZE,-2000
843,2021-11-06,,BEANS,1150
843,2022-06-22,Mukono,MAIZE,2200
845,2021-10-30,,BEANS,765
846,2022-07-31,Bwaise,Beans ,1960
847,2021-11-07,Kasanga,Beans ,1953
848,2022-08-11,Nakasero,Beans,3144
849,2022-02-15,Kasanga,MAIZE,2898
850,2022-05-30,Bwaise,Beans ,4797
851,2020-02-29,Mukono,Beans,4833
852,2021-09-11,Kasanga,BEANS,2852
853,2020-09-22,Bwaise,BEANS,3398
854,2021-06-16,,MAIZE,1973
855,2020-14-50,Mukono,Beans ,-2000
856,2022-03-29,Nakasero,maize ,872
857,2021-10-14,Nakasero,Maize,2807
858,2021-06-02,Nakasero,maize ,1432
859,2021-08-05,Bwaise,MAIZE,-2000
860,2020-12-12,Mukono,Beans ,4387
861,2020-06-08,Nakasero,Beans,4898
862,2021-02-27,Nakasero,BEANS,4768
863,2020-11-19,,Beans ,-2000
864,2022-07-27,Nakasero,Maize,1723
865,2021-01-19,Bwaise,BEANS,3691
866,2022-03-12,Mukono,maize ,3076
867,2021-05-23,Bwaise,BEANS,2979
868,2020-04-24,Bwaise,Maize,-2000
869,2020-01-26,Bwaise,maize ,1762
870,2022-01-20,Bwaise,Maize,3181
871,2022-08-18,Mukono,Beans,2180
872,2022-06-04,Mukono,Beans ,-2000
873,2022-06-11,Mukono,BEANS,877
874,2022-02-02,Bwaise,maize ,3057
875,2020-10-20,Mukono,maize ,4113
876,2020-10-07,Mukono,MAIZE,4711
877,2021-07-16,,MAIZE,2820
878,2020-11-14,Mukono,MAIZE,4134
879,2022-07-13,Mukono,Beans,940
880,2021-12-22,,maize ,4152
881,2022-04-17,Mukono,Beans,4870
882,2020-04-05,Mukono,Beans,4336
883,2021-10-21,Bwaise,MAIZE,2398
884,2021-09-23,Nakasero,maize ,2002
885,2020-01-31,Kasanga,MAIZE,4421
886,2020-12-22,Kasanga,Beans ,1343
887,2020-11-29,,Beans,2974
888,2021-02-27,Kasanga,Beans,1802
889,2020-08-01,,maize ,4066
890,2020-08-29,Mukono,BEANS,4486
891,2020-11-29,Nakasero,Beans,1943
892,2020-04-21,Nakasero,Beans,3604
893,2020-03-03,Bwaise,Beans ,501
894,2021-06-28,Bwaise,MAIZE,4163
895,2020-11-20,Kasanga,Beans ,2994
896,2020-12-18,Kasanga,MAIZE,4681
897,2020-03-04,Mukono,Beans ,935
898,2021-01-02,Bwaise,Beans,755
899,2021-02-07,Kasanga,Beans,3826
900,2021-11-09,Nakasero,Beans,3650
901,2022-06-12,Mukono,MAIZE,1087
902,2021-05-13,Mukono,MAIZE,1612
903,2021-03-01,,MAIZE,3987
904,2021-03-10,Bwaise,MAIZE,3410
905,2020-01-08,,maize ,2439
906,2021-07-13,Mukono,BEANS,-2000
907,2021-01-12,Bwaise,Beans ,1155
908,2022-05-29,,Maize,4308
909,2021-09-16,,BEANS,1139
910,2020-02-24,Kasanga,Beans,588
911,2021-04-25,Nakasero,maize ,3391
912,2021-12-12,Mukono,Beans ,2633
913,2020-06-22,,Maize,2890
914,2020-03-25,Nakasero,MAIZE,2776
915,2020-10-08,Mukono,BEANS,-2000
916,2021-08-28,Bwaise,maize ,3529
917,2020-08-29,Nakasero,Maize,771
918,2021-09-01,Kasanga,Beans,4562
919,2021-03-26,Mukono,Beans ,3326
920,2022-04-19,Kasanga,maize ,3766
921,2022-08-29,Kasanga,Beans,3611
922,2021-06-27,Kasanga,Beans,-2000
923,2022-09-11,,Beans ,1297
924,2022-05-14,Nakasero,maize ,2733
925,2020-04-10,Bwaise,Beans ,4277
926,2022-02-27,Nakasero,BEANS,1973
926,2020-01-09,Mukono,BEANS,-2000
928,2021-04-01,Bwaise,Maize,2563
929,2020-04-04,,Beans ,2276
930,2022-09-07,Kasanga,Beans ,1564
931,2021-10-25,Bwaise,maize ,1408
932,2021-11-07,Kasanga,Beans ,2764
933,2022-02-27,Nakasero,Maize,1106
934,2020-12-06,Bwaise,Beans,2668
935,2022-08-08,Mukono,MAIZE,4530
936,2021-03-17,Nakasero,Maize,4117
937,2020-03-13,Mukono,Beans,4152
938,2020-14-50,Kasanga,maize ,-2000
939,2020-12-03,Kasanga,Beans,4722
940,2022-05-14,,MAIZE,1074
940,2022-09-04,,BEANS,1492
942,2021-01-02,Mukono,maize ,952
943,2022-09-10,Bwaise,MAIZE,2875
944,2022-09-17,Mukono,Beans ,3695
945,2021-05-13,Bwaise,Maize,2052
946,2022-01-07,Mukono,BEANS,3684
947,2021-05-26,Mukono,Maize,4180
948,2020-12-11,Mukono,MAIZE,-2000
949,2021-11-14,Bwaise,Beans ,4895
950,2022-08-05,Mukono,Beans,4505
951,2021-09-25,Mukono,MAIZE,1569
952,2022-07-15,,MAIZE,4237
953,2020-03-06,,BEANS,4572
954,2022-04-03,Nakasero,Maize,3793
955,2021-08-12,Mukono,BEANS,2246
956,2020-03-05,Bwaise,Beans ,3900
957,2020-06-17,Bwaise,Maize,833
958,2021-10-09,Kasanga,Maize,628
958,2020-07-02,Kasanga,Beans ,2824
960,2022-03-02,Nakasero,BEANS,1672
961,2020-09-01,,MAIZE,808
962,2021-09-18,Nakasero,Beans,2967
962,2020-08-29,,maize ,1283
964,2021-07-06,Nakasero,Maize,2204
965,2022-03-26,Kasanga,MAIZE,4386
966,2022-08-02,Bwaise,Beans,2835
967,2021-09-23,Mukono,Beans ,854
968,2021-07-04,,Maize,4473
969,2020-08-28,Kasanga,MAIZE,3170
970,2022-07-08,Bwaise,Maize,3171
971,2021-02-26,Mukono,Beans,2307
972,2020-02-25,Bwaise,Beans,4227
973,2021-04-13,Bwaise,maize ,2709
974,2021-12-09,Kasanga,Beans,1410
975,2022-02-17,,MAIZE,1784
976,2021-07-20,Kasanga,MAIZE,4774
977,2022-05-07,Kasanga,Beans ,-2000
978,2020-09-10,,Maize,1720
979,2020-02-15,Mukono,Beans,4630
980,2021-05-05,Kasanga,Beans,1302
981,2021-07-25,Bwaise,MAIZE,3831
982,2020-09-01,Nakasero,MAIZE,4430
983,2022-05-28,Kasanga,MAIZE,4226
984,2021-02-19,Mukono,Beans ,4303
985,2022-07-03,Kasanga,maize ,2929
986,2021-09-19,,maize ,1163
987,2020-02-26,Mukono,Maize,3481
988,2021-04-21,,Beans ,1935
989,2021-12-27,Bwaise,BEANS,3243
990,2021-05-04,Bwaise,maize ,2218
991,2020-09-30,Mukono,maize ,946
992,2021-05-12,,Beans ,4351
993,2022-07-10,Bwaise,Beans,1037
994,2021-02-04,Mukono,MAIZE,1130
995,2021-12-14,,Beans ,2173
996,2021-03-02,Kasanga,maize ,1581
997,2022-01-25,Mukono,MAIZE,1015
998,2021-06-16,Nakasero,Beans,3308
999,2021-12-14,Nakasero,BEANS,4251
20,2022-02-19,Mukono,BEANS,4844
21,2020-01-20,Bwaise,Maize,3019
22,2021-08-03,Mukono,BEANS,4481
23,2020-05-11,Nakasero,BEANS,1852
24,2021-03-09,Nakasero,Beans,2147
25,2021-10-27,Mukono,MAIZE,4198
26,2020-14-50,Mukono,Maize,2304
27,2020-03-01,Mukono,BEANS,3206
28,2021-11-16,Bwaise,Beans,4372
29,2020-07-13,Kasanga,Beans,3402
